9lotto5610,6e0ba297-cbf3-4fa1-8bea-7baf8e1096b3
_itscloud_,e351c7e9-8c53-3f93-adc1-b1f68fdc9b38
akuashu,4efb1b2a-47de-3ae8-98ca-1e7e2f9a5265
alieninva5ion,76b9bee4-808e-3ba8-a194-82fcc8a2ba04
an1m3otaku,fbf03603-f257-3b19-87f6-2ad26ba04092
analoguebus,b3f26599-2c62-451a-b32c-f0046b2da6f0
andrew2070,ec8c36d7-8495-370e-8a85-ff8cf63fc294
anglum,6d021171-8424-30a6-bf4a-6f4f6feed268
antono390,f32c3bec-33bb-3e3a-bd21-f4d689ff18b1
apa,287025a5-7810-302f-a8bc-ad982c41dde1
arno_destructeur,5513a07b-38d1-3f69-9ffe-230ed1f1adcd
axxe,ac8760f0-3064-3f46-aecb-2b8c66ea1373
azefx,7329bfe2-d9af-33bb-9c3d-45206343ad29
battleguy,744812fb-8ee7-302e-bbf4-c98f01decc42
blakeb07,172f2cf2-c919-445b-af4c-854db6184b6f
bob_101_lol,b42562f8-54e4-3ac7-a4fc-f838d81987c7
bossbogdanyt,9250ff37-6dc6-3ef7-a9f6-4b3718c4f9ca
brunyman,327e782c-d150-3b0d-ac46-1833e91c5583
capal_victorous,0aef7235-5995-48d4-873b-2b1dc9b7fbe3
chairleg,d199e8f8-65e8-3a29-9408-147c6d0f4c8d
cloudwing_,367f12f1-5cb2-34d8-9ca9-fe7eaab5a2fd
coasterrider1,5fe10ba1-46b8-3a9c-acdf-8d1707b0c685
coolkidvg,ac6d8495-3acf-3cfa-89d5-42c7813a550d
cottonsfamily,4750e1d2-9436-3110-ba78-a604572f3fb3
cowgoesbananas,ad51306a-0ca0-3aee-bac9-399618df1100
cowsinthemud,88f4979c-7d21-3af6-925a-86d1dc34f01b
craig810400,3bad925f-3ced-3dd1-b2ae-a2514d6273bf
curseddarkness,437a0b00-3776-3171-a712-0cff47165676
dagger,a710ace7-013d-395c-b7f1-d5cbfa22f30d
darktwister,4d55167c-00bd-3b15-bfaa-41fa1e16b9bf
dawed1999,f608f587-d2c9-34c0-ad48-d8dd38d021d7
derlis,0ded6d9c-aa0a-4456-b0d7-c4768234a7b5
diamondwannes,67ee019e-8f3c-3d39-8d4b-87c8f8a7035b
dillemo,a8c9418d-5da1-367a-a07e-358caf2c9d17
djgaz180,66485435-a33e-3b78-a379-17de0773bdf7
douchedillion,d0e8b9ad-a9eb-3317-860d-61dec3b5521c
dr_clutch_mcswag,4c1aec18-7d4a-3a49-9464-2eafb5571e7f
dragonarthur,3e45e5ac-c2f8-3d9e-8880-55e298f571d7
dragonarthur2091,540630af-16e3-36b2-a5b4-9560edd2ff05
dragonarthur91,fddef82c-cca6-36e6-b119-430b25ba3b12
epic_chese,1e9b82cd-2a4e-38ed-8931-b9ce67982c1e
faction_033dd432_0bec_42f9_8ecb_1a38e07d48e1,61b3e4e8-f328-34e5-b7c3-75bcdce239ca
faction_0aaa8be5_e3de_419f_a3aa_2178d7bac840,48537105-6ab9-3011-8844-2086eb7e6033
faction_11b32a7f_de0f_4dd0_9383_78d4dd56fc20,713fec09-1cc6-3f36-b66c-05512c725b31
faction_181d8a25_5dd6_4b66_a2b0_52a28754812d,ec0d0369-79c8-3257-a96f-298426a01d18
faction_196ec40e_3c4d_4a84_9e06_bc31015b5504,d03a10f2-5035-34e8-ab66-10bef5c1c1e3
faction_1a5f014e_a046_4747_9323_9f8130cdaafd,aa4ca56b-65ef-3946-8bbe-d13285456608
faction_1cdd7cb1_cc14_43be_9256_80ac3c9b728b,d9be61cb-20ae-33a0-b483-b2259a901980
faction_27f2704e_5451_45d1_967a_dcc334f2c21e,08363d1f-b46e-395a-b8de-69fda8be9cd7
faction_2ced083c_e886_453d_a5a3_6e52eb9678bc,19476367-5c3a-3207-a72b-f96df1fe0b6d
faction_2e10ecd7_3494_46b2_b7c4_0a38575b6d93,5017f2b3-2a2c-3b71-a437-74239c59b2df
faction_310a5de4_cfce_4bad_a418_8b77a663bcbe,5c67399e-b685-377f-b7eb-641c41d46bfa
faction_39134e52_f6c8_4d57_b073_32a59d9754e1,d86d1c9f-9d43-3a32-8491-522e3c167292
faction_452c7aab_a658_4b9e_a952_01e48036c6c5,09ed988d-205f-305b-84fd-4790f5154713
faction_49859035_0c03_4cda_b7a3_63a50b1837ee,ba5a5717-6ffe-326d-a3c5-5073fb406e2d
faction_4af4981c_0176_4937_b878_27719720de39,59bea183-54cc-3dd6-bae4-8679e4db0002
faction_4f492fc6_26a4_471e_89a4_55c7ae3bc308,eeb72c21-c482-3141-9662-defa2daf61b3
faction_5478f3d4_a649_4d4e_b640_5666e004a03d,03e4c44b-a100-3011-9345-c44031ba15c6
faction_59aff316_a29a_42f9_a7a4_0b5a80aa1d13,ac40476e-e540-3ee7-9dda-b57ae8642f8e
faction_5ca12a38_0444_4d7d_924b_c4e6c98167d8,7a794b48-fec1-3c10-997a-6430bc94e7da
faction_5fc125f4_2e6d_4c3e_8f64_d7f014d2033e,25ae687e-e745-3a0d-b0cb-2f799fbd0cf3
faction_5ffdeecf_be1c_47f9_8b73_db4db25f5156,0ad9bb8f-9723-3853-a16d-7b73ee6d50f1
faction_6bf84c50_eb1a_4adb_a355_8e97fa1ad448,4f490c47-e4df-3410-99e4-9c0410eccd54
faction_6d0c3d28_68fd_422f_bd9a_394e57bf715f,619ef331-910f-3a86-a10d-7e4952ef81d0
faction_6f48c7c6_d9ff_418c_a39f_fcc7222e6e40,360163df-e71e-3141-9e10-3768a843c0d2
faction_740cb952_d5df_4d13_b45d_1bf038227992,523882dc-7e90-36e0-b134-d24a23de9881
faction_7569cd76_f463_447e_833b_0eeae652b8f5,c6442c93-e39d-3545-9403-9b2cca7401b9
faction_898456d7_91d3_4601_ae32_c5429c794f6b,194ed50c-9cbd-3baf-b2e4-03e1122cea0a
faction_8b005c04_01cd_4c75_8735_04036d5a7c49,e3b23b45-a50d-3e64-a4e4-c1ef93050f96
faction_8d204564_24e9_4bb3_98fc_4990747f727f,7551986e-c7a5-3fa5-8a83-752835b946b2
faction_8f98234d_310e_4a4c_b4ea_5f84190db7c3,7dca0028-c81e-3e9f-9db6-0aa7899ba949
faction_956bc34c_b45b_46d1_a86d_22956595950d,0f8828fb-daa3-3cd2-a344-4415b3c8d442
faction_989f8b00_55fa_4d4f_8b95_ce7cc22092f8,0eae8a68-357f-3c64-8acf-abdf0b6dd130
faction_9f8ca0dc_f67f_4752_a81f_1b6d59ae16a1,2cc44213-4590-3c82-87ec-1be48dd85f8d
faction_9fa99182_0771_40f4_a231_2032377b0e8a,03a4d076-7d9f-3b7f-9370-6242f77ebc0d
faction_a32684f3_018d_4fd8_b6a3_7105e3c8fb00,8d20277a-ad45-3859-8669-626a996eb5d1
faction_a451d42c_cde2_4371_b85e_a7993d30c734,f917fbc5-6d2a-3108-ba52-5ed9b7f50c95
faction_a6ffca89_0659_48fe_bdf1_fc478f99702b,22ea0f9a-2ccb-3b3f-bc60-f7305bb29844
faction_ac9df757_2b23_4c06_aecc_86081c6b2632,e3ea8940-604b-30da-a3de-3eb4de84f8c5
faction_b49ebb87_10e6_4bcf_b747_66ccebc03beb,7ff2f9d1-72ba-302f-a489-3524cb9fbf3e
faction_b8aca279_7452_4e63_9823_a61542bdf2e7,6886167f-a0a6-341c-bccd-07dea6a17fbd
faction_bd058d48_05f5_4d60_9a8b_530238692c22,ea671359-aff0-356a-af7d-a66fc69d65b1
faction_c9e2847a_4c04_46bc_9c35_a3e430591c77,80d78e66-7f1c-3bfc-bb42-cba9e1009512
faction_d4bfeea6_81b0_4c06_a932_a4ca3259bda1,4f202b72-2dca-38a5-948f-bfae72b47cd8
faction_dbb66fb5_5b2f_45ed_91d5_5f4723868f52,424d5426-768e-33fb-b2b8-89a0d23af007
faction_e59afb28_29e8_48d4_a869_fe06d0138860,5ecdf4bc-a89c-3cdb-8386-599459098367
faction_f216b3f7_7845_4389_a771_2c26d5b8afb4,08b11988-0486-317c-af05-e0bcf02a4480
faction_f5a5d42d_ec63_4af4_b4ba_00d44c9f7d65,62433b32-fa9e-3438-abfc-666c5ac02511
faction_fdfa623f_a10e_4bea_b434_e9d5596a2207,e5816c90-cd58-3b9d-a501-798dc7ad4fd6
firerest125,51244fef-642e-3bce-a866-27c13617c6ec
flairarrow,97a438f8-4d75-3a72-91c8-7607cc09f36c
freakyforester,f2485c75-a256-3d97-a41a-68de8ff90326
gamesrawesome,e9e8d443-1042-3cdc-9276-76eacbe036b1
gimmezamorathat,5ad4765d-1ab9-3d9f-82c6-d97a2b834c8a
haoss07,f2b6d33d-10d8-3a78-b4bf-81cee6c51557
happyopmike,920c20a1-34ae-302b-a13e-0ea1d7733597
hello16,cfe547df-0605-3428-84b2-761d6b83a48a
hey_joe,5f092a00-1958-381f-9de8-ee3d46512236
imperatus,b0ea4427-1f39-3d89-99ca-abe2bf0e5b24
istoricu,0c41ca42-eeee-391b-bbe4-1f9d19e870ff
itszaaki,e6ff2a27-b5cb-3556-bb18-a17ade0e7640
ivor,f021c7df-3499-3a80-ae63-b8382bd795d8
jack202020,2b881570-19ca-3e20-8185-72102ca5b564
jay,b36af080-5582-3a92-9f85-f0461bdf827e
jentdm,4d1fcc7b-73e8-31bb-8304-b955f36fb8ce
jet9211,9ceb6431-abd0-333f-b594-493ee003a8b7
jonbams,903bf35e-2d84-3aa4-8c4a-8895c3d1eda2
jowlbowl,15c95d32-a962-362f-b9e4-3089bfb2b52b
jumpmanc,7e2fdeb2-81a6-4125-9d02-a4e16db98f2d
keagan3839,5aad4000-476c-3592-ba7a-4a17e5f7b9c1
kingsman,44addc3d-2298-3afb-89f3-b393a0203688
knightspirit,070a4b24-0585-3e64-94b2-339d61e2c23e
lancelo_cz,b4a0f2dd-6162-3c77-b6a1-6a527c08b74b
lightsillybe,0c4209a7-45eb-3f5b-9fb7-474cb4f7647f
lostducks,ddfa69df-bcac-3d14-805a-7b0242f25290
low300,19896d8f-19f8-320f-a6ce-5d5d5d954107
lowrymg,8fc2084c-d999-398f-ba90-f5ba99f388ef
maruf_61,6caa767b-ea0b-3379-85ac-2eb74fcb722a
mcgee,8b7c7347-d28e-3429-bd74-4c9a0c9f72f5
michelangelo1,060d28da-319e-3c64-9678-4e82a5bb512e
mightynight,5a610d76-8d8d-3c2f-82e7-52b564c10145
minecraftarm,01e6e873-4e01-3452-9b7c-df0b49adbb90
minecraftking87,4e2ec215-d5c7-372c-bc81-a52527d65c98
mr___niceguy,76a5bfcf-6ca6-31a9-b742-2450701534fa
mralbatros83,9301478e-207f-4fe6-a7dd-c6556691da10
mrdragneel,95afce73-f9ac-301c-ae9d-6f040511d301
mryourk,d989cf43-3560-3d5a-afbd-f6a0df58f702
mygod23,588d5c3a-28b1-3216-bf16-c8442aad2670
myronstark,ac122fb5-43d8-32f2-bff2-c1b459b41dc5
n000b,01735b6f-9fe0-3e92-b428-7213db29a4b9
n00b,688717f0-f480-3bc5-8eba-513712f62a53
ninjanero,ab3d0811-34cc-4e80-be9d-70022b92d5f8
nox13,bc07b092-d0d7-34ab-b4b7-572182403aeb
pirateisback,75771ea2-07e9-4a08-bce7-364c20534b2a
ploxer,1644f736-d4c4-39ae-adbc-c2801a146929
polisheagle123,4453bb14-e024-32bf-87dc-54bfa3d9e1a0
portalatlas,aab6f847-019b-3c08-88ff-455e828f52c2
qigui,2c8e770e-c4b0-32af-82bb-732a77bdf972
ratchetdude45,aa1d3805-1de5-312e-9ab9-d3c0ec6fd75e
rocksmasher99,56fc3845-b059-3062-b9d1-48e35262f902
scarecrow,7587b781-4b54-34fe-a4fa-0fd474bf90b3
scooter,49613a0f-8594-3d12-8cb7-f3820ac4f655
seba,ffecbbee-f7f2-3999-bca5-c9e99f961f1d
sergrika,b35d3f41-13b9-37c3-a568-d0ae8d23b874
shadowassasin55,47abd368-ff5f-3a91-8441-59d10989bba5
sharingan_eyes,f2f97689-3eb8-38bf-bc39-c5a1c4d921b6
shevy4,ba4a6427-d77d-31b9-ad65-a9d55f13144b
simoxdeath,db4fdc2e-d609-3011-a3a1-ba92181cdeb7
simsonas86,479234b4-9b7b-30cd-a750-deeb7a069ec8
skiuileuf_2,7ff097f4-f8a0-398f-8a4a-dca02d6d340d
skull_with_skin,a3ed8b1d-01d4-3ca8-8c90-0ca0ad5c10f2
sky_uniter,8f3a5617-480c-3b8c-87a1-8e058de1a55e
skyegaming_99,6320cc7d-29cc-362c-a903-94e19c6582c1
slimeman146,e9066fc7-cf76-37c9-92d5-22b451c8c86d
spideroh1,e4d0629b-00bf-3668-8d0b-1964600d5258
starfuryduck,457b113d-a329-3531-af82-767a8ba287b1
stephano1,d622be10-27d1-3c7d-a2a1-120449be6fe2
szabi,2c2eac5e-e7dd-380f-8790-45f854f83ce6
t0rched,7e5caef5-7bd8-3996-835e-e4044f674c75
tablynn,51d492c6-84c1-3651-ba80-703b10d11ec0
test,444cf323-978c-3e83-9288-612345bfec67
testickler,644073fc-9581-346e-b8a8-f834dc4c32af
th3fanbus,b5eb8d5b-2a59-34fe-a138-e5d14674491a
thomaspromc,1a6843d7-df3b-3d56-88d1-2cf7fa3fb3c7
timur,c8a1a219-e25c-314c-a730-ae9dc9f15252
toddishere,ebe4fc11-3f23-36a4-ad9d-b2ceaa3ec9a3
ts_gaming,c0e50682-89e5-3008-a0de-6f911dea2d0f
vageto,bb00ad02-69c5-44a5-8b6c-d1c5f78f06b0
vaske99,597a2c2b-3aad-34ef-95da-56d3707ec2c3
wicked_jacob,42d1eb40-3e52-409d-ac1f-ba5092208d03
xxihatejewsxx,c3087aea-5ad1-3651-92ac-95549029a9e5
zachc001,4a824839-73ff-3091-9303-69e6fb93f570
zeederpmaster,d62adc1d-62f4-357d-acb0-35091d583617
zinwhit,6bdef188-7b94-3a5e-8bc2-00fc4669a6fa
zyk0,c976a8b8-2d69-3067-865f-7e8276e2b144
zyko,e1b62e19-846a-35f9-974d-8f7ae6e7b8cf
